{
  "test_auc": 0.825119440000709,
  "test_acc": 0.6209150326797386,
  "test_f1": 0.5906493506493506
}