{
  "test_auc": 0.7591735525878249,
  "test_acc": 0.5882352941176471,
  "test_f1": 0.5956157868178353
}