{
  "test_auc": 0.762233971156025,
  "test_acc": 0.5555555555555556,
  "test_f1": 0.5784722222222222
}