{
  "test_auc": 0.7403965010973531,
  "test_acc": 0.564935064935065,
  "test_f1": 0.5088799659086135
}