{
  "test_auc": 0.7246957194179959,
  "test_acc": 0.5490196078431373,
  "test_f1": 0.5115890868958354
}