{
  "test_auc": 0.7633134567503242,
  "test_acc": 0.6209150326797386,
  "test_f1": 0.5842896090344029
}