{
  "test_auc": 0.707241430129295,
  "test_acc": 0.5751633986928104,
  "test_f1": 0.5397623010526237
}