{
  "test_auc": 0.7838723159359121,
  "test_acc": 0.6013071895424836,
  "test_f1": 0.5750864348179784
}