{
  "test_auc": 0.7851117838966312,
  "test_acc": 0.5751633986928104,
  "test_f1": 0.5717255283648498
}