{
  "test_auc": 0.7296067609470119,
  "test_acc": 0.5424836601307189,
  "test_f1": 0.5371650853323785
}