{
  "moe": {
    "test_metrics": {
      "auc": {
        "mean": 0.7482922209171907,
        "std": 0.021709378755558485
      },
      "acc": {
        "mean": 0.5891562685680333,
        "std": 0.04058191412605976
      },
      "bacc": {
        "mean": 0.6078101719963985,
        "std": 0.0430272154610858
      },
      "f1": {
        "mean": 0.5616566919197561,
        "std": 0.040937977289337735
      }
    },
    "n_seeds": 10
  }
}