{
  "test_auc": 0.7457957321470264,
  "test_acc": 0.5686274509803921,
  "test_bacc": 0.5786652128481213,
  "test_f1": 0.5343151113281417,
  "_test_metrics_source": "retrain_run",
  "confusion_report_test": null
}