{
  "test_auc": 0.6676167719445832,
  "test_acc": 0.45751633986928103,
  "test_f1": 0.39645489378792326
}