{
  "test_auc": 0.7158008084625008,
  "test_acc": 0.5032679738562091,
  "test_f1": 0.48847877848106624
}