{
  "test_auc": 0.7407058926119898,
  "test_acc": 0.5294117647058824,
  "test_f1": 0.5429012345679012
}