{
  "test_auc": 0.685785937526849,
  "test_acc": 0.49019607843137253,
  "test_f1": 0.4176470588235294
}