{
  "test_auc": 0.6887449367421553,
  "test_acc": 0.5032679738562091,
  "test_f1": 0.5188142310248817
}