{
  "test_auc": 0.6826350547891439,
  "test_acc": 0.45751633986928103,
  "test_f1": 0.4720848179611227
}