{
  "test_auc": 0.7090640075605634,
  "test_acc": 0.5454545454545454,
  "test_f1": 0.5630122950819673
}