{
  "test_auc": 0.6832247967171647,
  "test_acc": 0.3333333333333333,
  "test_f1": 0.3029433080294331
}