{
  "test_auc": 0.679737668590188,
  "test_acc": 0.47058823529411764,
  "test_f1": 0.4773339183042002
}