{
  "test_auc": 0.7309983925187843,
  "test_acc": 0.5424836601307189,
  "test_f1": 0.5583483047724341
}