{
  "test_auc": 0.7769112199882344,
  "test_acc": 0.5294117647058824,
  "test_bacc": 0.5986140724946695,
  "test_f1": 0.5383009994121105,
  "_test_metrics_source": "retrain_run",
  "confusion_report_test": null
}