{
  "test_auc": 0.7598133970941512,
  "test_acc": 0.45751633986928103,
  "test_bacc": 0.5271805742393978,
  "test_f1": 0.4518654751887146,
  "_test_metrics_source": "retrain_run",
  "confusion_report_test": null
}