{
  "test_auc": 0.838253758713969,
  "test_acc": 0.6493506493506493,
  "test_bacc": 0.6570189070189071,
  "test_f1": 0.6458353375020042,
  "_test_metrics_source": "retrain_run",
  "confusion_report_test": null
}