{
  "test_auc": 0.8232019499390422,
  "test_acc": 0.6470588235294118,
  "test_bacc": 0.6955764541971439,
  "test_f1": 0.6712016811889855,
  "_test_metrics_source": "retrain_run",
  "confusion_report_test": null
}