{
  "test_auc": 0.8174499360490634,
  "test_acc": 0.6535947712418301,
  "test_bacc": 0.6571129080563042,
  "test_f1": 0.6621215036914176,
  "_test_metrics_source": "retrain_run",
  "confusion_report_test": null
}