{
  "moe": {
    "test_metrics": {
      "auc": {
        "mean": 0.8234197522880009,
        "std": 0.02097223969764161
      },
      "acc": {
        "mean": 0.6485951956540191,
        "std": 0.021298499875423982
      },
      "bacc": {
        "mean": 0.6676091303330571,
        "std": 0.027494519798621796
      },
      "f1": {
        "mean": 0.6595602730144295,
        "std": 0.02470576850853381
      }
    },
    "n_seeds": 10
  }
}