{
  "test_auc": 0.7957585780998556,
  "test_acc": 0.6339869281045751,
  "test_bacc": 0.651324823844578,
  "test_f1": 0.639291465378422,
  "_test_metrics_source": "retrain_run",
  "confusion_report_test": null
}