{
  "test_auc": 0.8204141593735862,
  "test_acc": 0.6143790849673203,
  "test_bacc": 0.6463434061220988,
  "test_f1": 0.6320987654320988,
  "_test_metrics_source": "retrain_run",
  "confusion_report_test": null
}