{
  "test_auc": 0.7808965332518838,
  "test_acc": 0.6013071895424836,
  "test_bacc": 0.6008145975887911,
  "test_f1": 0.5889418456491,
  "_test_metrics_source": "retrain_run",
  "confusion_report_test": null
}