{
  "test_auc": 0.846417343526877,
  "test_acc": 0.6601307189542484,
  "test_bacc": 0.6642778525131466,
  "test_f1": 0.6650827539037082,
  "_test_metrics_source": "retrain_run",
  "confusion_report_test": null
}