{
  "moe": {
    "test_metrics": {
      "auc": {
        "mean": 0.8099637583856527,
        "std": 0.026150560565562947
      },
      "acc": {
        "mean": 0.6407732790085731,
        "std": 0.03089284407389855
      },
      "bacc": {
        "mean": 0.6539743055964186,
        "std": 0.03466696978716412
      },
      "f1": {
        "mean": 0.6455958528053746,
        "std": 0.034944083997755934
      }
    },
    "n_seeds": 10
  }
}