{
  "test_auc": 0.8162016944744002,
  "test_acc": 0.6274509803921569,
  "test_bacc": 0.6421657592256503,
  "test_f1": 0.6399092545223093,
  "_test_metrics_source": "retrain_run",
  "confusion_report_test": null
}