{
  "value": 0.6734346823166574,
  "params": {
    "lr": 0.00042488616721816203,
    "wd": 1.167552797383535e-05,
    "hidden_exp": 233,
    "hidden_gate": 68,
    "drop": 0.037968511670451024,
    "lambda_sparse": 0.1133205048651581,
    "lambda_diverse": 0.06232086114346696,
    "tau": 0.5556514978502163,
    "tau_start": 0.714920894033581,
    "tau_decay": 0.9069747678976463,
    "gate_noise": 0.015060291218004833,
    "gumbel_hard": true,
    "batch_size": 64,
    "epochs": 11
  }
}
