{
  "moe": {
    "test_metrics": {
      "auc": {
        "mean": 0.8137059860786294,
        "std": 0.016824656414858394
      },
      "acc": {
        "mean": 0.6525082760376878,
        "std": 0.02910866201519332
      },
      "bacc": {
        "mean": 0.6713755359837386,
        "std": 0.025977111654211456
      },
      "f1": {
        "mean": 0.6556357362380932,
        "std": 0.02543243260676065
      }
    },
    "n_seeds": 10
  }
}