{
  "test_auc": 0.8157731415805589,
  "test_acc": 0.6470588235294118,
  "test_bacc": 0.6589398023360288,
  "test_f1": 0.6495911495911496,
  "_test_metrics_source": "retrain_run",
  "confusion_report_test": null
}