{
  "test_auc": 0.8010450807745645,
  "test_acc": 0.6209150326797386,
  "test_bacc": 0.6528625346175526,
  "test_f1": 0.6262626262626262,
  "_test_metrics_source": "retrain_run",
  "confusion_report_test": null
}