{
  "test_auc": 0.8546654886500966,
  "test_acc": 0.7189542483660131,
  "test_bacc": 0.7277050806462572,
  "test_f1": 0.7175595238095238,
  "_test_metrics_source": "retrain_run",
  "confusion_report_test": null
}