{
  "test_auc": 0.8092004071063883,
  "test_acc": 0.6143790849673203,
  "test_bacc": 0.6336963097398669,
  "test_f1": 0.6329117284737267,
  "_test_metrics_source": "retrain_run",
  "confusion_report_test": null
}