{
  "test_auc": 0.7928965631474592,
  "test_acc": 0.6535947712418301,
  "test_bacc": 0.654328228521777,
  "test_f1": 0.646991524597063,
  "_test_metrics_source": "retrain_run",
  "confusion_report_test": null
}