{
  "test_auc": 0.8104262772678146,
  "test_acc": 0.6470588235294118,
  "test_bacc": 0.6699826489300174,
  "test_f1": 0.6441093073809349,
  "_test_metrics_source": "retrain_run",
  "confusion_report_test": null
}