{
  "test_auc": 0.8323767404352861,
  "test_acc": 0.6470588235294118,
  "test_bacc": 0.6654177226558443,
  "test_f1": 0.6645502645502646,
  "_test_metrics_source": "retrain_run",
  "confusion_report_test": null
}