{
  "moe": {
    "test_metrics": {
      "auc": {
        "mean": 0.8227909260923433,
        "std": 0.01632004011229983
      },
      "acc": {
        "mean": 0.6570791953144894,
        "std": 0.02536907820939171
      },
      "bacc": {
        "mean": 0.6709650093018769,
        "std": 0.03743860007235317
      },
      "f1": {
        "mean": 0.6643845114131467,
        "std": 0.02903110877768301
      }
    },
    "n_seeds": 10
  }
}