{
  "test_auc": 0.8350364467057273,
  "test_acc": 0.6993464052287581,
  "test_bacc": 0.7391425499371526,
  "test_f1": 0.7191770855160531,
  "_test_metrics_source": "retrain_run",
  "confusion_report_test": null
}