{
  "moe": {
    "test_metrics": {
      "auc": {
        "mean": 0.7864599605532552,
        "std": 0.019970925673610168
      },
      "acc": {
        "mean": 0.6100458365164247,
        "std": 0.02202721022648288
      },
      "bacc": {
        "mean": 0.6251095554970034,
        "std": 0.021776988222598343
      },
      "f1": {
        "mean": 0.6056133136416705,
        "std": 0.020183837843055247
      }
    },
    "n_seeds": 10
  }
}