{
  "test_auc": 0.7991736699080692,
  "test_acc": 0.6078431372549019,
  "test_bacc": 0.6020980256274374,
  "test_f1": 0.5977769098069851,
  "_test_metrics_source": "retrain_run",
  "confusion_report_test": null
}