{
  "test_auc": 0.7881262402424518,
  "test_acc": 0.6143790849673203,
  "test_bacc": 0.6303690260133091,
  "test_f1": 0.6207941144650005,
  "_test_metrics_source": "retrain_run",
  "confusion_report_test": null
}