{
  "test_auc": 0.7910260016611418,
  "test_acc": 0.6298701298701299,
  "test_bacc": 0.6322196322196322,
  "test_f1": 0.6101776274522854,
  "_test_metrics_source": "retrain_run",
  "confusion_report_test": null
}