{
  "test_auc": 0.7775033552114495,
  "test_acc": 0.6013071895424836,
  "test_bacc": 0.6325331470725192,
  "test_f1": 0.5948779511804722,
  "_test_metrics_source": "retrain_run",
  "confusion_report_test": null
}