{
  "test_auc": 0.7852732262601073,
  "test_acc": 0.6209150326797386,
  "test_bacc": 0.6268881835168051,
  "test_f1": 0.613027933811645,
  "_test_metrics_source": "retrain_run",
  "confusion_report_test": null
}