{
  "test_auc": 0.7569732354204435,
  "test_acc": 0.5816993464052288,
  "test_bacc": 0.590985324947589,
  "test_f1": 0.5730329392262886,
  "_test_metrics_source": "retrain_run",
  "confusion_report_test": null
}