{
  "mlp_concat_all": {
    "test_metrics": {
      "auc": {
        "mean": 0.7086917329591423,
        "std": 0.02171084142074816
      },
      "acc": {
        "mean": 0.2716619981325864,
        "std": 0.08378438505960756
      },
      "f1": {
        "mean": 0.19739980454204692,
        "std": 0.09745998284536339
      }
    },
    "n_seeds": 10,
    "best_params": {
      "hidden": 507,
      "lr": 0.0028851535963527147,
      "wd": 0.00010500601125283576,
      "drop": 0.005731164773936379,
      "batch": 128,
      "epochs": 3
    }
  }
}