{
  "mlp_concat_all": {
    "test_metrics": {
      "auc": {
        "mean": 0.797449527746923,
        "std": 0.018047780033351873
      },
      "acc": {
        "mean": 0.6218147865206689,
        "std": 0.03164313353004731
      },
      "f1": {
        "mean": 0.601369906915665,
        "std": 0.03916135214064176
      }
    },
    "n_seeds": 10,
    "best_params": {
      "hidden": 507,
      "lr": 0.0028851535963527147,
      "wd": 0.00010500601125283576,
      "drop": 0.005731164773936379,
      "batch": 128,
      "epochs": 3
    }
  }
}