{
  "lr_concat_all": {
    "test_metrics": {
      "auc": {
        "mean": 0.805736253822746,
        "std": 0.018685091007200443
      },
      "acc": {
        "mean": 0.6348654613360495,
        "std": 0.023565966804825523
      },
      "f1": {
        "mean": 0.6264801177633427,
        "std": 0.020389266660145764
      }
    },
    "n_seeds": 10,
    "best_params": {
      "C": 0.001629944649074359
    }
  }
}