{
  "lr_concat_all": {
    "test_metrics": {
      "auc": {
        "mean": 0.7219024480605902,
        "std": 0.013977283284235791
      },
      "acc": {
        "mean": 0.2135727018079959,
        "std": 0.027264150059038223
      },
      "f1": {
        "mean": 0.11707331652299471,
        "std": 0.012424173723161309
      }
    },
    "n_seeds": 10,
    "best_params": {
      "C": 0.001629944649074359
    }
  }
}