{
  "ftt_concat_all": {
    "test_metrics": {
      "auc": {
        "mean": 0.7103722170313438,
        "std": 0.0171133552973575
      },
      "acc": {
        "mean": 0.23316781257957725,
        "std": 0.041364872667768636
      },
      "f1": {
        "mean": 0.15181819691536633,
        "std": 0.047350600253719115
      }
    },
    "n_seeds": 10,
    "best_params": {
      "lr": 1.6538667148893164e-05,
      "weight_decay": 2.8796885092066623e-06,
      "epochs": 14
    }
  }
}