{
  "moe": {
    "test_metrics": {
      "auc": {
        "mean": 0.7223379043999747,
        "std": 0.027360550919281162
      },
      "acc": {
        "mean": 0.5310117986588574,
        "std": 0.045610830455333776
      },
      "f1": {
        "mean": 0.4978181092155758,
        "std": 0.04070374426603801
      }
    },
    "n_seeds": 10
  }
}