{
  "moe": {
    "test_metrics": {
      "auc": {
        "mean": 0.7631410352811113,
        "std": 0.031016160719694794
      },
      "acc": {
        "mean": 0.5780366692131398,
        "std": 0.037444456329521494
      },
      "f1": {
        "mean": 0.5593740655067114,
        "std": 0.0431606865863153
      }
    },
    "n_seeds": 10
  }
}