{
  "moe": {
    "test_metrics": {
      "auc": {
        "mean": 0.7554008230796676,
        "std": 0.020017667397643303
      },
      "acc": {
        "mean": 0.5682412358882947,
        "std": 0.03123813673813709
      },
      "bacc": {
        "mean": 0.584058553086241,
        "std": 0.028766630025571276
      },
      "f1": {
        "mean": 0.5774019151917809,
        "std": 0.03109479720147361
      }
    },
    "n_seeds": 10
  }
}