{
  "test_auc": 0.7633673827772821,
  "test_acc": 0.5555555555555556,
  "test_bacc": 0.5861640075484645,
  "test_f1": 0.5628737084877437,
  "_test_metrics_source": "retrain_run",
  "confusion_report_test": null
}