{
  "test_auc": 0.7436935854360547,
  "test_acc": 0.5686274509803921,
  "test_bacc": 0.5893381251871818,
  "test_f1": 0.5773196710696711,
  "_test_metrics_source": "retrain_run",
  "confusion_report_test": null
}