{
  "test_auc": 0.7833306559759002,
  "test_acc": 0.6339869281045751,
  "test_bacc": 0.6809958657035119,
  "test_f1": 0.6409854423292273,
  "_test_metrics_source": "retrain_run",
  "confusion_report_test": null
}