{
  "test_auc": 0.7775105868118573,
  "test_acc": 0.5620915032679739,
  "test_bacc": 0.5810647307924985,
  "test_f1": 0.5706679769845581,
  "_test_metrics_source": "retrain_run",
  "confusion_report_test": null
}