{
  "moe": {
    "test_metrics": {
      "auc": {
        "mean": 0.7575013312174862,
        "std": 0.024992730593827752
      },
      "acc": {
        "mean": 0.5682539682539682,
        "std": 0.03180760888124814
      },
      "bacc": {
        "mean": 0.5921023556025075,
        "std": 0.037947421759065646
      },
      "f1": {
        "mean": 0.5698185360476089,
        "std": 0.03543609136991667
      }
    },
    "n_seeds": 10
  }
}