{
  "test_auc": 0.7266225342306581,
  "test_acc": 0.5424836601307189,
  "test_bacc": 0.5679720236541576,
  "test_f1": 0.547276688453159,
  "_test_metrics_source": "retrain_run",
  "confusion_report_test": null
}