{
  "test_auc": 0.8074692357217718,
  "test_acc": 0.6535947712418301,
  "test_bacc": 0.6614213997883883,
  "test_f1": 0.6483182508902043,
  "_test_metrics_source": "retrain_run",
  "confusion_report_test": null
}