{
  "test_auc": 0.8170284909871298,
  "test_acc": 0.6209150326797386,
  "test_bacc": 0.6451608950322281,
  "test_f1": 0.6401408720578204,
  "_test_metrics_source": "retrain_run",
  "confusion_report_test": null
}