{
  "test_auc": 0.7937400086506455,
  "test_acc": 0.6143790849673203,
  "test_bacc": 0.6243194192377496,
  "test_f1": 0.6261967971461574,
  "_test_metrics_source": "retrain_run",
  "confusion_report_test": null
}