{
  "test_auc": 0.8346918090879015,
  "test_acc": 0.6666666666666666,
  "test_bacc": 0.6944990681832787,
  "test_f1": 0.6746936732468921,
  "_test_metrics_source": "retrain_run",
  "confusion_report_test": null
}