{
  "test_auc": 0.7674218131719414,
  "test_acc": 0.6013071895424836,
  "test_bacc": 0.5946399478657544,
  "test_f1": 0.6031878031878032,
  "_test_metrics_source": "retrain_run",
  "confusion_report_test": null
}