{
  "test_auc": 0.824164922572034,
  "test_acc": 0.6470588235294118,
  "test_bacc": 0.6515483809601457,
  "test_f1": 0.658921080870159,
  "_test_metrics_source": "retrain_run",
  "confusion_report_test": null
}