{
  "moe": {
    "test_metrics": {
      "auc": {
        "mean": 0.8020094073952947,
        "std": 0.020176047112460637
      },
      "acc": {
        "mean": 0.6381376793141499,
        "std": 0.027857119176657924
      },
      "bacc": {
        "mean": 0.647890960817683,
        "std": 0.03878802996521401
      },
      "f1": {
        "mean": 0.6440936397233435,
        "std": 0.03180891267970122
      }
    },
    "n_seeds": 10
  }
}