{
  "test_auc": 0.8224268161634732,
  "test_acc": 0.6928104575163399,
  "test_bacc": 0.7276482970635895,
  "test_f1": 0.7144314654026723,
  "_test_metrics_source": "retrain_run",
  "confusion_report_test": null
}