{
  "test_auc": 0.7995681728800553,
  "test_acc": 0.6493506493506493,
  "test_bacc": 0.6570189070189071,
  "test_f1": 0.6456642944259043,
  "_test_metrics_source": "retrain_run",
  "confusion_report_test": null
}