{
  "test_auc": 0.7907982613483603,
  "test_acc": 0.6078431372549019,
  "test_bacc": 0.6177950665308264,
  "test_f1": 0.6330818965517241,
  "_test_metrics_source": "retrain_run",
  "confusion_report_test": null
}