{
  "moe": {
    "test_metrics": {
      "auc": {
        "mean": 0.774452522020857,
        "std": 0.019734244699541433
      },
      "acc": {
        "mean": 0.5923987776928953,
        "std": 0.023718346902951673
      },
      "bacc": {
        "mean": 0.609934279915888,
        "std": 0.023648875463283956
      },
      "f1": {
        "mean": 0.5959581623175153,
        "std": 0.02364133537060729
      }
    },
    "n_seeds": 10
  }
}