{
  "test_auc": 0.7588533732652181,
  "test_acc": 0.5686274509803921,
  "test_bacc": 0.5765178631728237,
  "test_f1": 0.5624091807871103,
  "_test_metrics_source": "retrain_run",
  "confusion_report_test": null
}