{
  "test_auc": 0.7846034141236465,
  "test_acc": 0.5751633986928104,
  "test_bacc": 0.6034053868588094,
  "test_f1": 0.5856355264752211,
  "_test_metrics_source": "retrain_run",
  "confusion_report_test": null
}