{
  "test_auc": 0.7471577359698199,
  "test_acc": 0.5751633986928104,
  "test_bacc": 0.5831921364179429,
  "test_f1": 0.5700373700373701,
  "_test_metrics_source": "retrain_run",
  "confusion_report_test": null
}