{
  "test_auc": 0.7438570613534358,
  "test_acc": 0.5974025974025974,
  "test_f1": 0.5531661181408724
}