{
  "test_auc": 0.7300189452057597,
  "test_acc": 0.5424836601307189,
  "test_f1": 0.5252277112217885
}