{
  "test_auc": 0.7318019987430425,
  "test_acc": 0.5947712418300654,
  "test_f1": 0.5737320744607249
}