{
  "test_auc": 0.7411933328471987,
  "test_acc": 0.5555555555555556,
  "test_f1": 0.538895807388958
}