{
  "test_auc": 0.8187802320769247,
  "test_acc": 0.6339869281045751,
  "test_f1": 0.6026861702746945
}