{
  "test_auc": 0.7939406045650667,
  "test_acc": 0.6209150326797386,
  "test_f1": 0.6180851063829788
}