{
  "test_auc": 0.7854689830956065,
  "test_acc": 0.6339869281045751,
  "test_f1": 0.6311381967480093
}