{
  "test_auc": 0.7726813387131007,
  "test_acc": 0.5490196078431373,
  "test_f1": 0.5229831853391271
}