{
  "test_auc": 0.8123601059229265,
  "test_acc": 0.6470588235294118,
  "test_f1": 0.6324721721547117
}