{
  "test_auc": 0.7877628431314135,
  "test_acc": 0.6209150326797386,
  "test_f1": 0.6059004348478033
}