{
  "test_auc": 0.834215261944101,
  "test_acc": 0.6535947712418301,
  "test_bacc": 0.6708822035301614,
  "test_f1": 0.6707760165243392,
  "_test_metrics_source": "retrain_run",
  "confusion_report_test": null
}