{
  "test_auc": 0.7573782854304926,
  "test_acc": 0.551948051948052,
  "test_f1": 0.49225442834138483
}