{
  "test_auc": 0.7080428698553027,
  "test_acc": 0.5163398692810458,
  "test_f1": 0.49704804998922647
}