{
  "test_auc": 0.7068276534247496,
  "test_acc": 0.48366013071895425,
  "test_f1": 0.4338257695789456
}