{
  "test_auc": 0.7395187425006617,
  "test_acc": 0.5490196078431373,
  "test_f1": 0.5021383245347412
}