{
  "test_auc": 0.675587199815599,
  "test_acc": 0.49673202614379086,
  "test_f1": 0.46902514092056574
}