{
  "test_auc": 0.6932460695133505,
  "test_acc": 0.48366013071895425,
  "test_f1": 0.49152637485970824
}