{
  "test_auc": 0.7503421332760526,
  "test_acc": 0.6013071895424836,
  "test_f1": 0.5864734482620662
}