{
  "test_auc": 0.7529880900969674,
  "test_acc": 0.5882352941176471,
  "test_f1": 0.506196830332081
}