{
  "test_auc": 0.7194295730374206,
  "test_acc": 0.5620915032679739,
  "test_f1": 0.5311441355065516
}