{
  "test_auc": 0.7200184270491504,
  "test_acc": 0.477124183006536,
  "test_f1": 0.4685485898304869
}