{
  "test_auc": 0.7472078499491696,
  "test_acc": 0.5620915032679739,
  "test_bacc": 0.5650972239207533,
  "test_f1": 0.5736297341801929,
  "_test_metrics_source": "retrain_run",
  "confusion_report_test": null
}