{
  "test_auc": 0.8236316041160823,
  "test_acc": 0.6470588235294118,
  "test_bacc": 0.6368373764600179,
  "test_f1": 0.6279997151605782,
  "_test_metrics_source": "retrain_run",
  "confusion_report_test": null
}