{
  "moe": {
    "test_metrics": {
      "auc": {
        "mean": 0.8032843772194443,
        "std": 0.022641115864770703
      },
      "acc": {
        "mean": 0.6420677361853832,
        "std": 0.022729721364313452
      },
      "bacc": {
        "mean": 0.6539969858769615,
        "std": 0.03134469052469261
      },
      "f1": {
        "mean": 0.6426645731210134,
        "std": 0.03205022387755088
      }
    },
    "n_seeds": 10
  }
}