{
  "test_auc": 0.8163662172547278,
  "test_acc": 0.6601307189542484,
  "test_bacc": 0.703682282629651,
  "test_f1": 0.671778624429479,
  "_test_metrics_source": "retrain_run",
  "confusion_report_test": null
}