{
  "mlp_concat_all": {
    "test_metrics": {
      "auc": {
        "mean": 0.7117288339797117,
        "std": 0.048498004067942975
      },
      "acc": {
        "mean": 0.38082505729564553,
        "std": 0.052398989869149794
      },
      "f1": {
        "mean": 0.20490363586528754,
        "std": 0.06284652506591251
      }
    },
    "n_seeds": 10,
    "best_params": {
      "hidden": 507,
      "lr": 0.0028851535963527147,
      "wd": 0.00010500601125283576,
      "drop": 0.005731164773936379,
      "batch": 128,
      "epochs": 3
    }
  }
}