{
  "lr_concat_all": {
    "test_metrics": {
      "auc": {
        "mean": 0.7640409849373976,
        "std": 0.01888454330302542
      },
      "acc": {
        "mean": 0.36252015957898315,
        "std": 0.022883843196315323
      },
      "f1": {
        "mean": 0.18363337437849853,
        "std": 0.017918016468667267
      }
    },
    "n_seeds": 10,
    "best_params": {
      "C": 0.001629944649074359
    }
  }
}