{
  "ftt_concat_all": {
    "test_metrics": {
      "auc": {
        "mean": 0.7935493977617798,
        "std": 0.024036523596207185
      },
      "acc": {
        "mean": 0.611344537815126,
        "std": 0.028055477340852168
      },
      "f1": {
        "mean": 0.5983699533114109,
        "std": 0.02796787535946541
      }
    },
    "n_seeds": 10,
    "best_params": {
      "lr": 1.6538667148893164e-05,
      "weight_decay": 2.8796885092066623e-06,
      "epochs": 14
    }
  }
}