{
  "ftt_concat_all": {
    "test_metrics": {
      "auc": {
        "mean": 0.7405420613007478,
        "std": 0.019729429006156467
      },
      "acc": {
        "mean": 0.4284313725490196,
        "std": 0.05752727333857509
      },
      "f1": {
        "mean": 0.39064817557087494,
        "std": 0.06831222272848318
      }
    },
    "n_seeds": 10,
    "best_params": {
      "lr": 1.6538667148893164e-05,
      "weight_decay": 2.8796885092066623e-06,
      "epochs": 14
    }
  }
}