{
  "moe": {
    "test_metrics": {
      "auc": {
        "mean": 0.7580764931919083,
        "std": 0.03457454032774486
      },
      "acc": {
        "mean": 0.5793693234869706,
        "std": 0.028095961903663157
      },
      "f1": {
        "mean": 0.559323537109609,
        "std": 0.03229630139974508
      }
    },
    "n_seeds": 10
  }
}