{
  "moe": {
    "test_metrics": {
      "auc": {
        "mean": 0.6984314267463924,
        "std": 0.024257846186406282
      },
      "acc": {
        "mean": 0.4833036244800951,
        "std": 0.06175072473722207
      },
      "f1": {
        "mean": 0.4738018840834459,
        "std": 0.08196668390016795
      }
    },
    "n_seeds": 10
  }
}