{
  "moe": {
    "test_metrics": {
      "auc": {
        "mean": 0.8225252277269082,
        "std": 0.016949171294410918
      },
      "acc": {
        "mean": 0.6564256005432476,
        "std": 0.029355909666383306
      },
      "bacc": {
        "mean": 0.6705905053531076,
        "std": 0.04090966375409216
      },
      "f1": {
        "mean": 0.6645063710652293,
        "std": 0.034513393286524176
      }
    },
    "n_seeds": 10
  }
}