{
  "moe": {
    "test_metrics": {
      "auc": {
        "mean": 0.7595109254364238,
        "std": 0.02063373535109256
      },
      "acc": {
        "mean": 0.5075078516254987,
        "std": 0.03573270844291332
      },
      "bacc": {
        "mean": 0.5618580904301813,
        "std": 0.03162933889943632
      },
      "f1": {
        "mean": 0.512698971123896,
        "std": 0.03697659359079298
      }
    },
    "n_seeds": 10
  }
}