{
  "test_auc": 0.7685637579332436,
  "test_acc": 0.6339869281045751,
  "test_bacc": 0.6604909666378932,
  "test_f1": 0.6416253680959564,
  "_test_metrics_source": "retrain_run",
  "confusion_report_test": null
}