{
  "moe": {
    "test_metrics": {
      "auc": {
        "mean": 0.7708869043233832,
        "std": 0.017595907378552506
      },
      "acc": {
        "mean": 0.6237840590781767,
        "std": 0.016687157119590863
      },
      "bacc": {
        "mean": 0.6366574363238234,
        "std": 0.025628456171727453
      },
      "f1": {
        "mean": 0.6146775949140157,
        "std": 0.023821573519963692
      }
    },
    "n_seeds": 10
  }
}