{
  "test_auc": 0.8158303300366684,
  "test_acc": 0.6535947712418301,
  "test_bacc": 0.6865175759912603,
  "test_f1": 0.6458848012889367,
  "_test_metrics_source": "retrain_run",
  "confusion_report_test": null
}