{
  "test_auc": 0.760060497387648,
  "test_acc": 0.6078431372549019,
  "test_bacc": 0.6290346298066319,
  "test_f1": 0.5934120224442806,
  "_test_metrics_source": "retrain_run",
  "confusion_report_test": null
}