{
  "test_auc": 0.7781785348185539,
  "test_acc": 0.6339869281045751,
  "test_bacc": 0.6264916500210619,
  "test_f1": 0.6206429638897578,
  "_test_metrics_source": "retrain_run",
  "confusion_report_test": null
}