{
  "test_auc": 0.7719710438293742,
  "test_acc": 0.6339869281045751,
  "test_bacc": 0.6548592341868252,
  "test_f1": 0.630768469003763,
  "_test_metrics_source": "retrain_run",
  "confusion_report_test": null
}